path	v8-mode	v9-mode	v8-sha256	v9-sha256	delta
metadata/CAPSULE-ROSTER.tsv	0444	0444	fe12fb85efff2dd3be0d820f43a39287dc100270592b67cb7a6c07f60e5daac8	6b183fb7a5fd04281d9198156e137671518f5b5b9dda7bee556d29c9f0ced7e9	bytes-only
metadata/PREPARED.txt	0444	0444	403ae668a5ac892eba5f199b13d8381888c0de10789bc3544fa66e07a49b6b02	c9ec898a8a8abb642d0f65af204d2ff84d8f864891ffa9f7e13950d9c79ffe4c	bytes-only
module-view/pinenote/systems/pinenote-book-state-reader.scm	0444	0444	10578fb0ea715416b3d23640c7d6046fe8dc03fd7e7d09cc3ba942f34fa25098	2fc23f3c8abf604461be9de61d0a8cb6df092a8aa7f125d365bd11f31a2e5df1	bytes-only
module-view/pinenote/tools/book-state-guest/SOURCE-MANIFEST.sha256	0444	0444	3cef458b490637ab03d0abb2bc1e7fa22e292e6f68a7961a91c3bff19bf71444	489d61a1072ada8ecd4d5171fde97e791307d212115f17f5c79d4417985a2341	bytes-only
repo/pinenote/systems/pinenote-book-state-reader.scm	0444	0444	10578fb0ea715416b3d23640c7d6046fe8dc03fd7e7d09cc3ba942f34fa25098	2fc23f3c8abf604461be9de61d0a8cb6df092a8aa7f125d365bd11f31a2e5df1	bytes-only
repo/pinenote/tools/book-state-guest/CAPSULE-ROSTER.tsv	0444	0444	fe12fb85efff2dd3be0d820f43a39287dc100270592b67cb7a6c07f60e5daac8	6b183fb7a5fd04281d9198156e137671518f5b5b9dda7bee556d29c9f0ced7e9	bytes-only
repo/pinenote/tools/book-state-guest/SOURCE-MANIFEST.sha256	0444	0444	3cef458b490637ab03d0abb2bc1e7fa22e292e6f68a7961a91c3bff19bf71444	489d61a1072ada8ecd4d5171fde97e791307d212115f17f5c79d4417985a2341	bytes-only
repo/pinenote/tools/book-state-guest/check-system.scm	0444	0444	0aedb36cacacbc32e05e55bd07d1379b139dd21d1b5718e380f06135c598e78f	a6ae789a8cc12bf32ed5e80bcc234b840056e5757b6bb03b418a974859a03fc3	bytes-only
repo/pinenote/tools/book-state-guest/test_source.py	0444	0444	9949f687b76b46a1ea5db4a91c14c645d13e0b24bfeae0348886c9c5a66cd424	1c147c431768d5ab4a7f7715f43f0693d4cd1f5d34c6be57413f6b159535b4df	bytes-only
